 <updates>
	 <update>
		<name>qlpathadmin</name>
		<client>site</client>
		<type>module</type>
		<element>qlpathadmin</element>
		<version>1.0.0</version>
		<description>qlform displays a form</description>
		<infourl title="ql.de - Blackforest Software">https://ql.de</infourl>
		<downloads>
			<downloadurl type="full" format="zip">https://github.com/hoochicken/mod_qlpathadminx/archive/refs/tags/v1.0.0.zip</downloadurl>
		</downloads>
		<tags>
			<tag>stable</tag>
		</tags>
		<maintainer>Dr. Mareike Riegel</maintainer>
		<maintainerurl>http://ql.de</maintainerurl>
		<section>Updates</section>
		<targetplatform name="joomla" version="4.*"/>
	 </update>
 </updates>