<?xml version="1.0" encoding="utf-8"?>
<extension type="module" client="site" method="upgrade">
    <name>MOD_QLXXXXX_TITLE</name>
    <creationDate>2025-02-28</creationDate>
    <author>Mareike Riegel</author>
    <authorEmail>info@ql.de</authorEmail>
    <authorUrl>https://ql.de</authorUrl>
    <copyright>Copyright (C) 2025 Mareike Riegel. All rights reserved.</copyright>
    <license>GNU General Public License version 2 or later;</license>
    <version>1.0.0</version>
    <description><![CDATA[MOD_QLXXXXX_XML_DESCRIPTION]]></description>
    <namespace path="src">Vendor\Module\HelloWorld</namespace>
    <files>
        <folder module="mod_qlxxxxx">services</folder>
        <folder>src</folder>
        <folder>tmpl</folder>
        <folder>language</folder>
        <file>mod_qlxxxxx.xml</file>
    </files>
    
    <media destination="mod_qlxxxxx" folder="media">
        <filename>css/mod_qlxxxxx.css</filename>
        <filename>js/mod_qlxxxxx.js</filename>
    </media>
    <languages>
        <language tag="en-GB">language/en-GB/mod_qlxxxxx.ini</language>
        <language tag="en-GB">language/en-GB/mod_qlxxxxx.sys.ini</language>
    </languages>
    <config>
        <fields name="params">
            <fieldset name="basic" addfieldprefix="Vendor\Module\HelloWorld\Site\Field">
        <field
            name="moduleclass_sfx"
            type="text"
            label="COM_MODULES_FIELD_MODULECLASS_SFX_LABEL"
            description="COM_MODULES_FIELD_MODULECLASS_SFX_DESC"
        />

            </fieldset>
        </fields>
    </config>
</extension>